{"cameraMode":{"drawMode":0,"name":"Shaded","section":"Shading Mode"},"sceneLighting":false,"audioPlay":false,"sceneViewState":{"m_AlwaysRefresh":false,"showFog":false,"showSkybox":false,"showFlares":false,"showImageEffects":false,"showParticleSystems":false,"showVisualEffectGraphs":true,"m_FxEnabled":true},"in2DMode":false,"pivot":{"x":-0.00013256072998046875,"y":0.9284058809280396,"z":-0.042890191078186038},"rotation":{"x":-0.14185114204883576,"y":0.16219259798526765,"z":-0.02348588965833187,"w":-0.9760432839393616},"size":1.5842018127441407,"orthographic":false}