{"cameraMode":{"drawMode":0,"name":"Shaded","section":"Shading Mode"},"sceneLighting":false,"audioPlay":false,"sceneViewState":{"m_AlwaysRefresh":false,"showFog":true,"showSkybox":false,"showFlares":true,"showImageEffects":true,"showParticleSystems":true,"showVisualEffectGraphs":true,"m_FxEnabled":true},"in2DMode":false,"pivot":{"x":0.17747128009796143,"y":1.890568733215332,"z":0.21481040120124818},"rotation":{"x":0.054541587829589847,"y":-0.7337663769721985,"z":-0.059344369918107989,"w":-0.6745746731758118},"size":7.171631813049316,"orthographic":false}