{"cameraMode":{"drawMode":0,"name":"Shaded","section":"Shading Mode"},"sceneLighting":true,"audioPlay":false,"sceneViewState":{"m_AlwaysRefresh":false,"showFog":true,"showSkybox":true,"showFlares":true,"showImageEffects":true,"showParticleSystems":true,"showVisualEffectGraphs":true,"m_FxEnabled":true},"in2DMode":false,"pivot":{"x":-31.72468376159668,"y":1.8721013069152833,"z":2.8529019355773927},"rotation":{"x":-0.15227636694908143,"y":0.07098222523927689,"z":-0.011472456157207489,"w":-0.9856887459754944},"size":16.163982391357423,"orthographic":false}